[{
    "question":"나는 손으로 조립하거나 만드는 활동을 좋아한다.",
    "type1":"Realistic","type2":"현실형","type3":"뚝딱이",
    "answer01":"전혀 그렇지 않음","answer02":null,"answer03":null,"answer04":null,"answer05":null,"answer06":null,"answer07":"매우 그러함","answer08":null,"answer09":null,"answer10":null,
    "answerScore01":"1","answerScore02":"2","answerScore03":"3","answerScore04":"4","answerScore05":"5","answerScore06":"6","answerScore07":"7","answerScore08":null,"answerScore09":null,"answerScore10":null,
    "tip1Score":"2","tip2Score":"6","tip3Score":null,
    "tip1Desc":"나는 조립하거나 만드는 활동에 관심이 없다.","tip2Desc":"나는 조립하거나 만들기를 하면 시간가는 줄 모른다.","tip3Desc":null,
    "qitemNo":1
},{
    "question":"나는 사물이나 현상을 봤을 때 왜 그런지 생각하는 것을 좋아한다.",
    "type1":"Investigative","type2":"탐구형","type3":"탐험이",
    "answer01":"전혀 그렇지 않음","answer02":null,"answer03":null,"answer04":null,"answer05":null,"answer06":null,"answer07":"매우 그러함","answer08":null,"answer09":null,"answer10":null,
    "answerScore01":"1","answerScore02":"2","answerScore03":"3","answerScore04":"4","answerScore05":"5","answerScore06":"6","answerScore07":"7","answerScore08":null,"answerScore09":null,"answerScore10":null,
    "tip1Score":"2","tip2Score":"6","tip3Score":null,
    "tip1Desc":"나는 신기하거나 특이한 것을 보아도 그다지 궁금하지 않다.","tip2Desc":"나는 대부분의 상황에서 왜 그럴까 생각한다.","tip3Desc":null,
    "qitemNo":2
},{
    "question":"나는 새로운 것을 상상하는 것이 좋다.",
    "type1":"Artistic","type2":"예술형","type3":"멋쟁이",
    "answer01":"전혀 그렇지 않음","answer02":null,"answer03":null,"answer04":null,"answer05":null,"answer06":null,"answer07":"매우 그러함","answer08":null,"answer09":null,"answer10":null,
    "answerScore01":"1","answerScore02":"2","answerScore03":"3","answerScore04":"4","answerScore05":"5","answerScore06":"6","answerScore07":"7","answerScore08":null,"answerScore09":null,"answerScore10":null,
    "tip1Score":"2","tip2Score":"5","tip3Score":null,
    "tip1Desc":"나는 상상을 거의 하지 않는다.","tip2Desc":"나는 자주 재미있는 상상이 떠오른다.","tip3Desc":null,
    "qitemNo":3
},{
    "question":"나는 친구를 도와주는 것을 좋아한다.",
    "type1":"Social","type2":"사회형","type3":"친절이",
    "answer01":"전혀 그렇지 않음","answer02":null,"answer03":null,"answer04":null,"answer05":null,"answer06":null,"answer07":"매우 그러함","answer08":null,"answer09":null,"answer10":null,
    "answerScore01":"1","answerScore02":"2","answerScore03":"3","answerScore04":"4","answerScore05":"5","answerScore06":"6","answerScore07":"7","answerScore08":null,"answerScore09":null,"answerScore10":null,
    "tip1Score":"2","tip2Score":"6","tip3Score":null,
    "tip1Desc":"나는 친구의 도움 요청에 싫은 표정을 보인다.","tip2Desc":"나는 도움이 필요한 친구에게 흔쾌히 도움을 준다.","tip3Desc":null,
    "qitemNo":4
},{
    "question":"나는 여러 사람 앞에서 발표하는 것을 좋아한다.",
    "type1":"Enterprising","type2":"진취형","type3":"씩씩이",
    "answer01":"전혀 그렇지 않음","answer02":null,"answer03":null,"answer04":null,"answer05":null,"answer06":null,"answer07":"매우 그러함","answer08":null,"answer09":null,"answer10":null,
    "answerScore01":"1","answerScore02":"2","answerScore03":"3","answerScore04":"4","answerScore05":"5","answerScore06":"6","answerScore07":"7","answerScore08":null,"answerScore09":null,"answerScore10":null,
    "tip1Score":"2","tip2Score":"6","tip3Score":null,
    "tip1Desc":"나는 내가 발표하게 될까봐 두렵다.","tip2Desc":"나는 질문을 받았을 때 나를 시켜줬으면 좋겠다.","tip3Desc":null,
    "qitemNo":5
},{
    "question":"나는 사물함이나 책상 정리하는 것을 좋아한다.",
    "type1":"Conventional","type2":"관습형","type3":"성실이",
    "answer01":"전혀 그렇지 않음","answer02":null,"answer03":null,"answer04":null,"answer05":null,"answer06":null,"answer07":"매우 그러함","answer08":null,"answer09":null,"answer10":null,
    "answerScore01":"1","answerScore02":"2","answerScore03":"3","answerScore04":"4","answerScore05":"5","answerScore06":"6","answerScore07":"7","answerScore08":null,"answerScore09":null,"answerScore10":null,
    "tip1Score":"2","tip2Score":"6","tip3Score":null,
    "tip1Desc":"내 주변이 어질러져 있어도 신경쓰지 않는다.","tip2Desc":"나는 내 주변을 자주 정리한다.","tip3Desc":null,
    "qitemNo":6
},{
    "question":"나는 처음 보는 장난감이 어떻게 작동하는지 잘 이해한다.",
    "type1":"Realistic","type2":"현실형","type3":"뚝딱이",
    "answer01":"전혀 그렇지 않음","answer02":null,"answer03":null,"answer04":null,"answer05":null,"answer06":null,"answer07":"매우 그러함","answer08":null,"answer09":null,"answer10":null,
    "answerScore01":"1","answerScore02":"2","answerScore03":"3","answerScore04":"4","answerScore05":"5","answerScore06":"6","answerScore07":"7","answerScore08":null,"answerScore09":null,"answerScore10":null,
    "tip1Score":"2","tip2Score":"6","tip3Score":null,
    "tip1Desc":"나는 설명서를 봐도 처음 보는 장난감을 다루기가 어렵다.","tip2Desc":"나는 처음 보는 장난감도 쉽게 다룰 수 있다.","tip3Desc":null,
    "qitemNo":7
},{
    "question":"나는 궁금한 것은 해결하려고 한다.",
    "type1":"Investigative","type2":"탐구형","type3":"탐험이",
    "answer01":"전혀 그렇지 않음","answer02":null,"answer03":null,"answer04":null,"answer05":null,"answer06":null,"answer07":"매우 그러함","answer08":null,"answer09":null,"answer10":null,
    "answerScore01":"1","answerScore02":"2","answerScore03":"3","answerScore04":"4","answerScore05":"5","answerScore06":"6","answerScore07":"7","answerScore08":null,"answerScore09":null,"answerScore10":null,
    "tip1Score":"3","tip2Score":"6","tip3Score":null,
    "tip1Desc":"나는 궁금한 것을 풀어보다가 힘들면 그만둔다.","tip2Desc":"나는 궁금한 것이 풀릴 때까지 스스로 노력한다.","tip3Desc":null,
    "qitemNo":8
},{
    "question":"나는 정해진 방법이나 규칙보다 자유로운 것을 좋아한다.",
    "type1":"Artistic","type2":"예술형","type3":"멋쟁이",
    "answer01":"전혀 그렇지 않음","answer02":null,"answer03":null,"answer04":null,"answer05":null,"answer06":null,"answer07":"매우 그러함","answer08":null,"answer09":null,"answer10":null,
    "answerScore01":"1","answerScore02":"2","answerScore03":"3","answerScore04":"4","answerScore05":"5","answerScore06":"6","answerScore07":"7","answerScore08":null,"answerScore09":null,"answerScore10":null,
    "tip1Score":"3","tip2Score":"6","tip3Score":null,
    "tip1Desc":"나는 정해진 방식을 따를 때 마음이 편하다.","tip2Desc":"나는 정해진 대로 일을 하는 것이 지루하다.","tip3Desc":null,
    "qitemNo":9
},{
    "question":"나는 친구의 이야기를 잘 들어준다.",
    "type1":"Social","type2":"사회형","type3":"친절이",
    "answer01":"전혀 그렇지 않음","answer02":null,"answer03":null,"answer04":null,"answer05":null,"answer06":null,"answer07":"매우 그러함","answer08":null,"answer09":null,"answer10":null,
    "answerScore01":"1","answerScore02":"2","answerScore03":"3","answerScore04":"4","answerScore05":"5","answerScore06":"6","answerScore07":"7","answerScore08":null,"answerScore09":null,"answerScore10":null,
    "tip1Score":"3","tip2Score":"6","tip3Score":null,
    "tip1Desc":"나에게 흥미 있는 이야기가 아니라면 친구의 이야기를 대충 듣는다.","tip2Desc":"내가 관심 있는 이야기가 아니더라도 친구의 말을 잘 들어준다.","tip3Desc":null,
    "qitemNo":10
},{
    "question":"나는 학급에서 대표 역할을 하는 것을 좋아한다.",
    "type1":"Enterprising","type2":"진취형","type3":"씩씩이",
    "answer01":"전혀 그렇지 않음","answer02":null,"answer03":null,"answer04":null,"answer05":null,"answer06":null,"answer07":"매우 그러함","answer08":null,"answer09":null,"answer10":null,
    "answerScore01":"1","answerScore02":"2","answerScore03":"3","answerScore04":"4","answerScore05":"5","answerScore06":"6","answerScore07":"7","answerScore08":null,"answerScore09":null,"answerScore10":null,
    "tip1Score":"2","tip2Score":"6","tip3Score":null,
    "tip1Desc":"나는 반장이나 회장 선거에 관심이 없다.","tip2Desc":"나는 반장이나 회장이 되고 싶다.","tip3Desc":null,
    "qitemNo":11
},{
    "question":"나는 일과를 기록하고 정리하는 것이 좋다.",
    "type1":"Conventional","type2":"관습형","type3":"성실이",
    "answer01":"전혀 그렇지 않음","answer02":null,"answer03":null,"answer04":null,"answer05":null,"answer06":null,"answer07":"매우 그러함","answer08":null,"answer09":null,"answer10":null,
    "answerScore01":"1","answerScore02":"2","answerScore03":"3","answerScore04":"4","answerScore05":"5","answerScore06":"6","answerScore07":"7","answerScore08":null,"answerScore09":null,"answerScore10":null,
    "tip1Score":"2","tip2Score":"6","tip3Score":null,"tip1Desc":"나는 일기를 규칙적으로 쓰지 않는다.","tip2Desc":"나는 스스로 일기를 꾸준히 쓴다.","tip3Desc":null,
    "qitemNo":12
},{
    "question":"나는 고장 난 게임기나 장난감 등을 보면 스스로 고치고 싶다.",
    "type1":"Realistic","type2":"현실형","type3":"뚝딱이",
    "answer01":"전혀 그렇지 않음","answer02":null,"answer03":null,"answer04":null,"answer05":null,"answer06":null,"answer07":"매우 그러함","answer08":null,"answer09":null,"answer10":null,"answerScore01":"1","answerScore02":"2","answerScore03":"3","answerScore04":"4","answerScore05":"5","answerScore06":"6","answerScore07":"7","answerScore08":null,"answerScore09":null,"answerScore10":null,"tip1Score":"2","tip2Score":"5","tip3Score":null,"tip1Desc":"나는 고장 난 게임기나 장난감은 그냥 내버려 둔다.","tip2Desc":"나는 게임기나 장난감이 고장 나면 먼저 분해해서 살펴본다.","tip3Desc":null,
    "qitemNo":13
},{
    "question":"나는 퀴즈나 수수께끼를 좋아한다.",
    "type1":"Investigative","type2":"탐구형","type3":"탐험이",
    "answer01":"전혀 그렇지 않음","answer02":null,"answer03":null,"answer04":null,"answer05":null,"answer06":null,"answer07":"매우 그러함","answer08":null,"answer09":null,"answer10":null,"answerScore01":"1","answerScore02":"2","answerScore03":"3","answerScore04":"4","answerScore05":"5","answerScore06":"6","answerScore07":"7","answerScore08":null,"answerScore09":null,"answerScore10":null,"tip1Score":"1","tip2Score":"5","tip3Score":null,"tip1Desc":"나는 퀴즈나 수수께끼를 푸는 것을 싫어한다.","tip2Desc":"나는 퀴즈나 수수께끼를 푸는 것이 즐겁다.","tip3Desc":null,
    "qitemNo":14
},{
    "question":"나는 독특하고 새로운 생각을 많이 한다.",
    "type1":"Artistic","type2":"예술형","type3":"멋쟁이",
    "answer01":"전혀 그렇지 않음","answer02":null,"answer03":null,"answer04":null,"answer05":null,"answer06":null,"answer07":"매우 그러함","answer08":null,"answer09":null,"answer10":null,"answerScore01":"1","answerScore02":"2","answerScore03":"3","answerScore04":"4","answerScore05":"5","answerScore06":"6","answerScore07":"7","answerScore08":null,"answerScore09":null,"answerScore10":null,"tip1Score":"2","tip2Score":"6","tip3Score":null,"tip1Desc":"나는 새로운 아이디어를 내는 것이 어렵다.","tip2Desc":"나는 모둠활동을 할 때 아이디어가 많다.","tip3Desc":null,
    "qitemNo":15
},{
    "question":"나는 다른 사람의 기분을 잘 알아차린다.",
    "type1":"Social","type2":"사회형","type3":"친절이",
    "answer01":"전혀 그렇지 않음","answer02":null,"answer03":null,"answer04":null,"answer05":null,"answer06":null,"answer07":"매우 그러함","answer08":null,"answer09":null,"answer10":null,"answerScore01":"1","answerScore02":"2","answerScore03":"3","answerScore04":"4","answerScore05":"5","answerScore06":"6","answerScore07":"7","answerScore08":null,"answerScore09":null,"answerScore10":null,"tip1Score":"3","tip2Score":"6","tip3Score":null,"tip1Desc":"나는 상대방이 직접 말해야, 그 사람의 기분을 알 수 있다.","tip2Desc":"나는 상대방의 표정이나 행동을 보고, 그 사람의 기분을 잘 알아차린다.","tip3Desc":null,
    "qitemNo":16
},{
    "question":"나는 내가 원하는 대로 친구들을 잘 이끈다.",
    "type1":"Enterprising","type2":"진취형","type3":"씩씩이",
    "answer01":"전혀 그렇지 않음","answer02":null,"answer03":null,"answer04":null,"answer05":null,"answer06":null,"answer07":"매우 그러함","answer08":null,"answer09":null,"answer10":null,"answerScore01":"1","answerScore02":"2","answerScore03":"3","answerScore04":"4","answerScore05":"5","answerScore06":"6","answerScore07":"7","answerScore08":null,"answerScore09":null,"answerScore10":null,"tip1Score":"3","tip2Score":"6","tip3Score":null,"tip1Desc":"나는 다른 친구들의 의견에 따르는 편이다.","tip2Desc":"나는 친구들 사이에서 중요한 결정은 주로 내가 한다.","tip3Desc":null,
    "qitemNo":17
},{
    "question":"나는 배운 내용을 정리하는 것이 좋다.",
    "type1":"Conventional","type2":"관습형","type3":"성실이",
    "answer01":"전혀 그렇지 않음","answer02":null,"answer03":null,"answer04":null,"answer05":null,"answer06":null,"answer07":"매우 그러함","answer08":null,"answer09":null,"answer10":null,"answerScore01":"1","answerScore02":"2","answerScore03":"3","answerScore04":"4","answerScore05":"5","answerScore06":"6","answerScore07":"7","answerScore08":null,"answerScore09":null,"answerScore10":null,"tip1Score":"2","tip2Score":"6","tip3Score":null,"tip1Desc":"나는 누군가가 검사할 때만 노트 필기를 한다.","tip2Desc":"내가 보기 좋게 정리한 노트를 보면 기분이 좋다.","tip3Desc":null,
    "qitemNo":18
},{
    "question":"나는 동물을 꾸준히 보살피는 것을 좋아한다.",
    "type1":"Realistic","type2":"현실형","type3":"뚝딱이",
    "answer01":"전혀 그렇지 않음","answer02":null,"answer03":null,"answer04":null,"answer05":null,"answer06":null,"answer07":"매우 그러함","answer08":null,"answer09":null,"answer10":null,"answerScore01":"1","answerScore02":"2","answerScore03":"3","answerScore04":"4","answerScore05":"5","answerScore06":"6","answerScore07":"7","answerScore08":null,"answerScore09":null,"answerScore10":null,"tip1Score":"2","tip2Score":"5","tip3Score":null,"tip1Desc":"나는 동물을 보살피는 것이 귀찮다.","tip2Desc":"나는 동물이 아프거나 말썽을 피워도 책임감 있게 보살필 수 있다.","tip3Desc":null,
    "qitemNo":19
},{
    "question":"나는 사물이나 현상 등을 관찰하는 것을 좋아한다. ",
    "type1":"Investigative","type2":"탐구형","type3":"탐험이",
    "answer01":"전혀 그렇지 않음","answer02":null,"answer03":null,"answer04":null,"answer05":null,"answer06":null,"answer07":"매우 그러함","answer08":null,"answer09":null,"answer10":null,"answerScore01":"1","answerScore02":"2","answerScore03":"3","answerScore04":"4","answerScore05":"5","answerScore06":"6","answerScore07":"7","answerScore08":null,"answerScore09":null,"answerScore10":null,"tip1Score":"3","tip2Score":"6","tip3Score":null,"tip1Desc":"나는 숙제가 있을 때만 관찰한다.","tip2Desc":"나는 무엇이든 관찰하는 것이 좋다.","tip3Desc":null,
    "qitemNo":20
},{
    "question":"나는 예술 활동을 하는 것을 즐긴다.(예: 노래, 춤추기, 연주, 글쓰기, 그리기, 연기 등) ",
    "type1":"Artistic","type2":"예술형","type3":"멋쟁이",
    "answer01":"전혀 그렇지 않음","answer02":null,"answer03":null,"answer04":null,"answer05":null,"answer06":null,"answer07":"매우 그러함","answer08":null,"answer09":null,"answer10":null,"answerScore01":"1","answerScore02":"2","answerScore03":"3","answerScore04":"4","answerScore05":"5","answerScore06":"6","answerScore07":"7","answerScore08":null,"answerScore09":null,"answerScore10":null,"tip1Score":"2","tip2Score":"6","tip3Score":null,"tip1Desc":"나는 좋아하는 예술 활동이 별로 없다.","tip2Desc":"나는 좋아하는 예술 활동을 할 때 시간가는 줄 모른다.","tip3Desc":null,
    "qitemNo":21
},{
    "question":"나는 친구의 어려움을 잘 이해해준다. ",
    "type1":"Social","type2":"사회형","type3":"친절이",
    "answer01":"전혀 그렇지 않음","answer02":null,"answer03":null,"answer04":null,"answer05":null,"answer06":null,"answer07":"매우 그러함","answer08":null,"answer09":null,"answer10":null,"answerScore01":"1","answerScore02":"2","answerScore03":"3","answerScore04":"4","answerScore05":"5","answerScore06":"6","answerScore07":"7","answerScore08":null,"answerScore09":null,"answerScore10":null,"tip1Score":"2","tip2Score":"6","tip3Score":null,"tip1Desc":"나는 친구의 어려움을 듣더라도 별로 관심이 없다.","tip2Desc":"나는 친구의 어려움이 내 일처럼 느껴진다.","tip3Desc":null,
    "qitemNo":22
},{
    "question":"나는 친구들과 경쟁할 때 이기고 싶은 마음이 강하다.",
    "type1":"Enterprising","type2":"진취형","type3":"씩씩이",
    "answer01":"전혀 그렇지 않음","answer02":null,"answer03":null,"answer04":null,"answer05":null,"answer06":null,"answer07":"매우 그러함","answer08":null,"answer09":null,"answer10":null,"answerScore01":"1","answerScore02":"2","answerScore03":"3","answerScore04":"4","answerScore05":"5","answerScore06":"6","answerScore07":"7","answerScore08":null,"answerScore09":null,"answerScore10":null,"tip1Score":"3","tip2Score":"6","tip3Score":null,"tip1Desc":"나는 이기는 것이 중요하지 않다.","tip2Desc":"나는 경쟁에서 승리하는 것이 기쁘다.","tip3Desc":null,
    "qitemNo":23
},{
    "question":"나는 규칙을 잘 지킨다.",
    "type1":"Conventional","type2":"관습형","type3":"성실이",
    "answer01":"전혀 그렇지 않음","answer02":null,"answer03":null,"answer04":null,"answer05":null,"answer06":null,"answer07":"매우 그러함","answer08":null,"answer09":null,"answer10":null,"answerScore01":"1","answerScore02":"2","answerScore03":"3","answerScore04":"4","answerScore05":"5","answerScore06":"6","answerScore07":"7","answerScore08":null,"answerScore09":null,"answerScore10":null,"tip1Score":"2","tip2Score":"6","tip3Score":null,"tip1Desc":"나는 우리 반 규칙을 크게 신경 쓰지 않는다.","tip2Desc":"나는 우리 반 규칙을 잘 알고 지키려고 노력한다.","tip3Desc":null,
    "qitemNo":24
},{
    "question":"나는 나에게 문제가 생겼을 때 감정적인 위로보다는 현실적인 해결방법이 더 도움이 된다. ",
    "type1":"Realistic","type2":"현실형","type3":"뚝딱이",
    "answer01":"전혀 그렇지 않음","answer02":null,"answer03":null,"answer04":null,"answer05":null,"answer06":null,"answer07":"매우 그러함","answer08":null,"answer09":null,"answer10":null,"answerScore01":"1","answerScore02":"2","answerScore03":"3","answerScore04":"4","answerScore05":"5","answerScore06":"6","answerScore07":"7","answerScore08":null,"answerScore09":null,"answerScore10":null,"tip1Score":"2","tip2Score":"6","tip3Score":null,"tip1Desc":"나는 위로받는 것만으로 힘이 난다.","tip2Desc":"나는 우선 해결방법을 찾는 것이 중요하다고 생각한다.","tip3Desc":null,
    "qitemNo":25
},{
    "question":"나는 문제를 틀렸을 때 틀린 이유가 궁금하다.",
    "type1":"Investigative","type2":"탐구형","type3":"탐험이",
    "answer01":"전혀 그렇지 않음","answer02":null,"answer03":null,"answer04":null,"answer05":null,"answer06":null,"answer07":"매우 그러함","answer08":null,"answer09":null,"answer10":null,"answerScore01":"1","answerScore02":"2","answerScore03":"3","answerScore04":"4","answerScore05":"5","answerScore06":"6","answerScore07":"7","answerScore08":null,"answerScore09":null,"answerScore10":null,"tip1Score":"2","tip2Score":"6","tip3Score":null,"tip1Desc":"나는 틀린 이유가 궁금해도 그냥 넘어간다.","tip2Desc":"나는 틀린 이유를 분명하게 알 때까지 풀어본다.","tip3Desc":null,
    "qitemNo":26
},{
    "question":"나는 예술 활동을 통해 새로운 것을 만드는 것이 즐겁다.(예: 음악, 춤, 대본, 만화, 동영상, 광고, 공연, 디자인 등)",
    "type1":"Artistic","type2":"예술형","type3":"멋쟁이",
    "answer01":"전혀 그렇지 않음","answer02":null,"answer03":null,"answer04":null,"answer05":null,"answer06":null,"answer07":"매우 그러함","answer08":null,"answer09":null,"answer10":null,"answerScore01":"1","answerScore02":"2","answerScore03":"3","answerScore04":"4","answerScore05":"5","answerScore06":"6","answerScore07":"7","answerScore08":null,"answerScore09":null,"answerScore10":null,"tip1Score":"2","tip2Score":"6","tip3Score":null,"tip1Desc":"나는 새로운 것을 만드는 것이 부담스럽다.","tip2Desc":"나는 새로운 것을 만드는 것이 즐겁다.","tip3Desc":null,
    "qitemNo":27
},{
    "question":"나는 다른 사람에 대한 관심이 있다.",
    "type1":"Social","type2":"사회형","type3":"친절이",
    "answer01":"전혀 그렇지 않음","answer02":null,"answer03":null,"answer04":null,"answer05":null,"answer06":null,"answer07":"매우 그러함","answer08":null,"answer09":null,"answer10":null,"answerScore01":"1","answerScore02":"2","answerScore03":"3","answerScore04":"4","answerScore05":"5","answerScore06":"6","answerScore07":"7","answerScore08":null,"answerScore09":null,"answerScore10":null,"tip1Score":"2","tip2Score":"6","tip3Score":null,"tip1Desc":"나는 가장 친한 친구의 집이 어디인지 알지 못한다.","tip2Desc":"나는 다른 반 선생님이나 친구들에 대해 알고 싶다.","tip3Desc":null,
    "qitemNo":28
},{
    "question":"나는 주변 사람들의 집중적인 관심을 받는 것이 좋다.",
    "type1":"Enterprising","type2":"진취형","type3":"씩씩이",
    "answer01":"전혀 그렇지 않음","answer02":null,"answer03":null,"answer04":null,"answer05":null,"answer06":null,"answer07":"매우 그러함","answer08":null,"answer09":null,"answer10":null,"answerScore01":"1","answerScore02":"2","answerScore03":"3","answerScore04":"4","answerScore05":"5","answerScore06":"6","answerScore07":"7","answerScore08":null,"answerScore09":null,"answerScore10":null,"tip1Score":"2","tip2Score":"6","tip3Score":null,"tip1Desc":"나는 주목받는 상황이 부담스럽다.","tip2Desc":"나는 학교 행사에서 사회를 보고 싶다.","tip3Desc":null,
    "qitemNo":29
},{
    "question":"나는 미리 계획을 세우고 실천하는 것이 좋다.",
    "type1":"Conventional","type2":"관습형","type3":"성실이",
    "answer01":"전혀 그렇지 않음","answer02":null,"answer03":null,"answer04":null,"answer05":null,"answer06":null,"answer07":"매우 그러함","answer08":null,"answer09":null,"answer10":null,"answerScore01":"1","answerScore02":"2","answerScore03":"3","answerScore04":"4","answerScore05":"5","answerScore06":"6","answerScore07":"7","answerScore08":null,"answerScore09":null,"answerScore10":null,"tip1Score":"2","tip2Score":"6","tip3Score":null,"tip1Desc":"나는 상황에 따라 그때그때 행동한다.","tip2Desc":"나는 계획대로 차근차근 실천한다.","tip3Desc":null,
    "qitemNo":30
},{
    "question":"나는 자동차, 비행기, 기차 등이 어떻게 움직이는지 알고 싶다.",
    "type1":"Realistic","type2":"현실형","type3":"뚝딱이",
    "answer01":"전혀 그렇지 않음","answer02":null,"answer03":null,"answer04":null,"answer05":null,"answer06":null,"answer07":"매우 그러함","answer08":null,"answer09":null,"answer10":null,"answerScore01":"1","answerScore02":"2","answerScore03":"3","answerScore04":"4","answerScore05":"5","answerScore06":"6","answerScore07":"7","answerScore08":null,"answerScore09":null,"answerScore10":null,"tip1Score":"2","tip2Score":"6","tip3Score":null,"tip1Desc":"나는 자동차, 비행기, 기차 등이 어떻게 움직이는지 관심이 없다.","tip2Desc":"나는 자동차, 비행기, 기차 등의 작동원리를 아는 것이 재미있다.","tip3Desc":null,
    "qitemNo":31
},{
    "question":"나는 현장학습을 하기 전에 활동내용을 미리 알고 싶다.",
    "type1":"Investigative","type2":"탐구형","type3":"탐험이",
    "answer01":"전혀 그렇지 않음","answer02":null,"answer03":null,"answer04":null,"answer05":null,"answer06":null,"answer07":"매우 그러함","answer08":null,"answer09":null,"answer10":null,"answerScore01":"1","answerScore02":"2","answerScore03":"3","answerScore04":"4","answerScore05":"5","answerScore06":"6","answerScore07":"7","answerScore08":null,"answerScore09":null,"answerScore10":null,"tip1Score":"2","tip2Score":"6","tip3Score":null,"tip1Desc":"나는 현장학습에서 배울 내용에 대해 관심이 없다.","tip2Desc":"나는 현장학습에서 배울 내용에 대해서 스스로 찾아본다.","tip3Desc":null,
    "qitemNo":32
},{
    "question":"나는 예술 활동을 보고 듣는 것을 좋아한다.(예:영화, 전시, 공연, 연주회 등)",
    "type1":"Artistic","type2":"예술형","type3":"멋쟁이","answer01":"전혀 그렇지 않음","answer02":null,"answer03":null,"answer04":null,"answer05":null,"answer06":null,"answer07":"매우 그러함","answer08":null,"answer09":null,"answer10":null,"answerScore01":"1","answerScore02":"2","answerScore03":"3","answerScore04":"4","answerScore05":"5","answerScore06":"6","answerScore07":"7","answerScore08":null,"answerScore09":null,"answerScore10":null,"tip1Score":"2","tip2Score":"6","tip3Score":null,"tip1Desc":"나는 예술 감상이 지루하다.","tip2Desc":"나는 지금보다 예술 감상을 더 자주 하고 싶다.","tip3Desc":null,
    "qitemNo":33
},{
    "question":"나는 다른 사람들과 함께 있을 때 다들 즐겁게 어울리고 있는지 신경 쓴다. ",
    "type1":"Social","type2":"사회형","type3":"친절이",
    "answer01":"전혀 그렇지 않음","answer02":null,"answer03":null,"answer04":null,"answer05":null,"answer06":null,"answer07":"매우 그러함","answer08":null,"answer09":null,"answer10":null,"answerScore01":"1","answerScore02":"2","answerScore03":"3","answerScore04":"4","answerScore05":"5","answerScore06":"6","answerScore07":"7","answerScore08":null,"answerScore09":null,"answerScore10":null,"tip1Score":"2","tip2Score":"6","tip3Score":null,"tip1Desc":"나는 다른 사람들과 함께 있을 때 분위기에 관심이 없다.","tip2Desc":"나는 좋은 분위기가 되도록 노력한다.","tip3Desc":null,
    "qitemNo":34
},{
    "question":"나는 내 위주로 활동하는 것이 좋다.",
    "type1":"Enterprising","type2":"진취형","type3":"씩씩이",
    "answer01":"전혀 그렇지 않음","answer02":null,"answer03":null,"answer04":null,"answer05":null,"answer06":null,"answer07":"매우 그러함","answer08":null,"answer09":null,"answer10":null,"answerScore01":"1","answerScore02":"2","answerScore03":"3","answerScore04":"4","answerScore05":"5","answerScore06":"6","answerScore07":"7","answerScore08":null,"answerScore09":null,"answerScore10":null,"tip1Score":"2","tip2Score":"6","tip3Score":null,"tip1Desc":"나는 다른 친구들의 말에 따르는 것이 편하다.","tip2Desc":"나는 모둠활동에서 다른 친구들이 내 뜻대로 따르는 것이 좋다.","tip3Desc":null,
    "qitemNo":35
},{
    "question":"나는 학습준비물을 미리 챙기는 것이 좋다. ",
    "type1":"Conventional","type2":"관습형","type3":"성실이",
    "answer01":"전혀 그렇지 않음","answer02":null,"answer03":null,"answer04":null,"answer05":null,"answer06":null,"answer07":"매우 그러함","answer08":null,"answer09":null,"answer10":null,"answerScore01":"1","answerScore02":"2","answerScore03":"3","answerScore04":"4","answerScore05":"5","answerScore06":"6","answerScore07":"7","answerScore08":null,"answerScore09":null,"answerScore10":null,"tip1Score":"2","tip2Score":"6","tip3Score":null,"tip1Desc":"나는 준비물 챙기는 것을 자주 잊는다.","tip2Desc":"나는 준비물을 전날 챙겨둔다.","tip3Desc":null,
    "qitemNo":36
},{
    "question":"나는 새로 나온 전자제품(컴퓨터, 스마트폰 등)에 관심이 간다.",
    "type1":"Realistic","type2":"현실형","type3":"뚝딱이",
    "answer01":"전혀 그렇지 않음","answer02":null,"answer03":null,"answer04":null,"answer05":null,"answer06":null,"answer07":"매우 그러함","answer08":null,"answer09":null,"answer10":null,"answerScore01":"1","answerScore02":"2","answerScore03":"3","answerScore04":"4","answerScore05":"5","answerScore06":"6","answerScore07":"7","answerScore08":null,"answerScore09":null,"answerScore10":null,"tip1Score":"2","tip2Score":"6","tip3Score":null,"tip1Desc":"나는 새로 나온 전자제품에 크게 관심이 없다.","tip2Desc":"나는 친구와 노는 것보다 새로 나온 전자제품에 대해 알아보는 것이 좋다.","tip3Desc":null,
    "qitemNo":37
},{
    "question":"나는 학교나 학원에서 배운 것보다 더 자세히 알고 싶다.",
    "type1":"Investigative","type2":"탐구형","type3":"탐험이",
    "answer01":"전혀 그렇지 않음","answer02":null,"answer03":null,"answer04":null,"answer05":null,"answer06":null,"answer07":"매우 그러함","answer08":null,"answer09":null,"answer10":null,"answerScore01":"1","answerScore02":"2","answerScore03":"3","answerScore04":"4","answerScore05":"5","answerScore06":"6","answerScore07":"7","answerScore08":null,"answerScore09":null,"answerScore10":null,"tip1Score":"3","tip2Score":"6","tip3Score":null,"tip1Desc":"나는 숙제가 있을 때만 더 알아본다.","tip2Desc":"나는 다양한 방법을 활용하여 더 자세히 알아본다.","tip3Desc":null,
    "qitemNo":38
},{
    "question":"나는 멋진 예술 작품을 보면 상상력이 자극된다.",
    "type1":"Artistic","type2":"예술형","type3":"멋쟁이","answer01":"전혀 그렇지 않음","answer02":null,"answer03":null,"answer04":null,"answer05":null,"answer06":null,"answer07":"매우 그러함","answer08":null,"answer09":null,"answer10":null,"answerScore01":"1","answerScore02":"2","answerScore03":"3","answerScore04":"4","answerScore05":"5","answerScore06":"6","answerScore07":"7","answerScore08":null,"answerScore09":null,"answerScore10":null,"tip1Score":"2","tip2Score":"6","tip3Score":null,"tip1Desc":"나는 예술 작품을 봐도 별 느낌이 없다.","tip2Desc":"나는 다른 예술 작품을 보면 감동받아 내 작품을 만들고 싶어진다.","tip3Desc":null,
    "qitemNo":39
},{
    "question":"나는 어려운 처지에 있는 사람을 돕고 싶다.",
    "type1":"Social","type2":"사회형","type3":"친절이",
    "answer01":"전혀 그렇지 않음","answer02":null,"answer03":null,"answer04":null,"answer05":null,"answer06":null,"answer07":"매우 그러함","answer08":null,"answer09":null,"answer10":null,"answerScore01":"1","answerScore02":"2","answerScore03":"3","answerScore04":"4","answerScore05":"5","answerScore06":"6","answerScore07":"7","answerScore08":null,"answerScore09":null,"answerScore10":null,"tip1Score":"2","tip2Score":"6","tip3Score":null,"tip1Desc":"나는 왜 다른 사람을 도와줘야 하는지 잘 모르겠다.","tip2Desc":"나는 용돈을 모아서 어려운 사람들에게 기부하고 싶다.","tip3Desc":null,
    "qitemNo":40
},{
    "question":"나는 다른 사람을 설득해서 내편으로 만드는 것이 좋다. ",
    "type1":"Enterprising","type2":"진취형","type3":"씩씩이",
    "answer01":"전혀 그렇지 않음","answer02":null,"answer03":null,"answer04":null,"answer05":null,"answer06":null,"answer07":"매우 그러함","answer08":null,"answer09":null,"answer10":null,"answerScore01":"1","answerScore02":"2","answerScore03":"3","answerScore04":"4","answerScore05":"5","answerScore06":"6","answerScore07":"7","answerScore08":null,"answerScore09":null,"answerScore10":null,"tip1Score":"2","tip2Score":"6","tip3Score":null,"tip1Desc":"나는 다른 사람을 설득하는데 관심이 없다.","tip2Desc":"나는 다른 사람을 설득해서 원하는 것을 얻는다.","tip3Desc":null,
    "qitemNo":41
},{
    "question":"나는 수업시간에 표나 그래프로 활동하는 것이 좋다.",
    "type1":"Conventional","type2":"관습형","type3":"성실이",
    "answer01":"전혀 그렇지 않음","answer02":null,"answer03":null,"answer04":null,"answer05":null,"answer06":null,"answer07":"매우 그러함","answer08":null,"answer09":null,"answer10":null,"answerScore01":"1","answerScore02":"2","answerScore03":"3","answerScore04":"4","answerScore05":"5","answerScore06":"6","answerScore07":"7","answerScore08":null,"answerScore09":null,"answerScore10":null,"tip1Score":"3","tip2Score":"6","tip3Score":null,"tip1Desc":"나는 표나 그래프로 그리는 것보다 글이나 말로 표현하는 것이 편하다.","tip2Desc":"나는 자료를 표나 그래프로 그리는 것이 편하다.","tip3Desc":null,
    "qitemNo":42
},{
    "question":"나는 식물을 키우는 것을 좋아한다.",
    "type1":"Realistic","type2":"현실형","type3":"뚝딱이",
    "answer01":"전혀 그렇지 않음","answer02":null,"answer03":null,"answer04":null,"answer05":null,"answer06":null,"answer07":"매우 그러함","answer08":null,"answer09":null,"answer10":null,"answerScore01":"1","answerScore02":"2","answerScore03":"3","answerScore04":"4","answerScore05":"5","answerScore06":"6","answerScore07":"7","answerScore08":null,"answerScore09":null,"answerScore10":null,"tip1Score":"2","tip2Score":"5","tip3Score":null,"tip1Desc":"나는 식물을 보살피는 것이 귀찮다.","tip2Desc":"나는 식물을 성실하게 잘 보살핀다.","tip3Desc":null,
    "qitemNo":43
},{
    "question":"나는 어려운 문제를 해결하는 것을 좋아한다.",
    "type1":"Investigative","type2":"탐구형","type3":"탐험이",
    "answer01":"전혀 그렇지 않음","answer02":null,"answer03":null,"answer04":null,"answer05":null,"answer06":null,"answer07":"매우 그러함","answer08":null,"answer09":null,"answer10":null,"answerScore01":"1","answerScore02":"2","answerScore03":"3","answerScore04":"4","answerScore05":"5","answerScore06":"6","answerScore07":"7","answerScore08":null,"answerScore09":null,"answerScore10":null,"tip1Score":"2","tip2Score":"6","tip3Score":null,"tip1Desc":"나는 어려운 문제를 보면 피하고 싶다.","tip2Desc":"나는 어려운 문제를 보면 해결하고 싶은 마음이 강하다.","tip3Desc":null,
    "qitemNo":44
},{
    "question":"나는 내가 느낀 것을 표현하는 것이 좋다.",
    "type1":"Artistic","type2":"예술형","type3":"멋쟁이","answer01":"전혀 그렇지 않음","answer02":null,"answer03":null,"answer04":null,"answer05":null,"answer06":null,"answer07":"매우 그러함","answer08":null,"answer09":null,"answer10":null,"answerScore01":"1","answerScore02":"2","answerScore03":"3","answerScore04":"4","answerScore05":"5","answerScore06":"6","answerScore07":"7","answerScore08":null,"answerScore09":null,"answerScore10":null,"tip1Score":"2","tip2Score":"6","tip3Score":null,"tip1Desc":"나는 내 느낌을 글, 그림, 음악 등으로 표현하는 것에 관심이 없다.","tip2Desc":"나는 원하는 방식으로 내 느낌을 자주 표현한다.","tip3Desc":null,
    "qitemNo":45
},{
    "question":"나는 남에게 도움이 되고 싶다.",
    "type1":"Social","type2":"사회형","type3":"친절이",
    "answer01":"전혀 그렇지 않음","answer02":null,"answer03":null,"answer04":null,"answer05":null,"answer06":null,"answer07":"매우 그러함","answer08":null,"answer09":null,"answer10":null,"answerScore01":"1","answerScore02":"2","answerScore03":"3","answerScore04":"4","answerScore05":"5","answerScore06":"6","answerScore07":"7","answerScore08":null,"answerScore09":null,"answerScore10":null,"tip1Score":"3","tip2Score":"6","tip3Score":null,"tip1Desc":"내가 힘들 땐 남을 돕는 것이 귀찮다.","tip2Desc":"나는 친구의 힘든 일을 보면 꼭 도와야 한다고 생각한다.","tip3Desc":null,
    "qitemNo":46
},{
    "question":"나는 내가 아는 것에 대해, 다른 사람에게 이야기하는 것을 좋아한다.",
    "type1":"Enterprising","type2":"진취형","type3":"씩씩이",
    "answer01":"전혀 그렇지 않음","answer02":null,"answer03":null,"answer04":null,"answer05":null,"answer06":null,"answer07":"매우 그러함","answer08":null,"answer09":null,"answer10":null,"answerScore01":"1","answerScore02":"2","answerScore03":"3","answerScore04":"4","answerScore05":"5","answerScore06":"6","answerScore07":"7","answerScore08":null,"answerScore09":null,"answerScore10":null,"tip1Score":"2","tip2Score":"6","tip3Score":null,"tip1Desc":"나는 정확하게 알지 못하면 이야기하지 않는다.","tip2Desc":"나는 정확하게 알지 못해도 다른 사람에게 잘 이야기할 수 있다.","tip3Desc":null,
    "qitemNo":47
},{
    "question":"나는 순서대로 일을 하는 것이 좋다.",
    "type1":"Conventional","type2":"관습형","type3":"성실이",
    "answer01":"전혀 그렇지 않음","answer02":null,"answer03":null,"answer04":null,"answer05":null,"answer06":null,"answer07":"매우 그러함","answer08":null,"answer09":null,"answer10":null,"answerScore01":"1","answerScore02":"2","answerScore03":"3","answerScore04":"4","answerScore05":"5","answerScore06":"6","answerScore07":"7","answerScore08":null,"answerScore09":null,"answerScore10":null,"tip1Score":"3","tip2Score":"6","tip3Score":null,"tip1Desc":"나는 일의 순서가 바뀌어도 괜찮다.","tip2Desc":"나는 모든 일을 정해진 순서대로 하는 것이 편하다.","tip3Desc":null,
    "qitemNo":48
}]